name,city,Gender,department,country,Tardy
Amity Woollons,El Llano,Female,Research and Development,Indonesian,yes
Pace Aleixo,Haliut,Male,Services,German,yes
Marisa Ruddiforth,Stara Kornica,Female,Sales,Ndebele,yes
Ofella Henkens,Shetan,Female,Support,Kyrgyz,yes
Alidia Middleweek,Nampula,Female,Training,Malagasy,yes
Georgette Gorton,Shenzhengqiao,Female,Human Resources,Albanian,yes
Nicoli Catanheira,Gomunice,Female,Engineering,Marathi,yes
Bald Talby,Guadalupe,Male,Accounting,Hebrew,yes
Adan Conti,Buenavista,Male,Engineering,Tsonga,yes
Ivette Whittam,Viñac,Female,Sales,Luxembourgish,yes
Agnola Klesel,Novyye Cherëmushki,Female,Services,Latvian,yes
Clemmy Goranov,Sukowidodo Barat,Female,Product Management,Tetum,yes
Pegeen Liveley,Ḩurayḑah,Female,Human Resources,Bislama,yes
Valeria O'Rourke,Ndago,Female,Sales,Lithuanian,yes
Flem Grigori,Drammen,Male,Research and Development,Albanian,yes
Suzann Woolhouse,Dawa-Dawa,Female,Engineering,Swahili,yes
Lloyd Langrick,Dhamār,Male,Product Management,Portuguese,yes
Dulcy Rickerd,Ringin Kembar,Female,Sales,Oriya,yes
Jean Bedlington,Sokal’,Female,Product Management,Moldovan,yes
Neel Rosberg,Lakeland,Male,Engineering,Pashto,yes
Nathanial Durante,Ruoqiang,Male,Training,Tamil,yes
Alayne Fishby,Sinargalih,Female,Product Management,Aymara,yes
Garnette McCarty,Pengdian,Female,Business Development,Estonian,yes
Mikey Ewbank,Hulan,Male,Product Management,Malayalam,yes
Stanislas Hamor,Konkwesso,Male,Support,Irish Gaelic,yes
Engelbert Marrows,Panamá,Male,Product Management,Pashto,yes
Padriac Dominiak,Parikkala,Male,Research and Development,Aymara,yes
Kean Osgood,Malinao,Male,Human Resources,Malay,yes
Abel De Hailes,Anfu,Male,Sales,Hungarian,yes
Orelie Sympson,Bandaran,Female,Accounting,Azeri,yes
Enos Carpe,Tosno,Male,Marketing,Tsonga,yes
Phedra Roskams,Semanding,Female,Human Resources,Moldovan,yes
See Bilbrooke,Dazhou,Male,Business Development,Fijian,yes
Celine Ebdon,Si Prachan,Female,Product Management,Fijian,yes
Sileas Doumerque,Sukaraja,Female,Legal,Zulu,yes
Worthington Cardenosa,Yevpatoriya,Male,Accounting,Japanese,yes
Inger Dearnly,Maswa,Female,Sales,Bosnian,yes
Wyatt Charte,Waddān,Male,Marketing,Guaraní,yes
Imogen Dansey,Qingshandi,Female,Support,Croatian,yes
Julee Scawn,Jishui,Female,Support,English,yes
Lynn Huyche,Ningxin,Female,Engineering,Khmer,yes
Cassie Shatliff,Dasha,Male,Business Development,Czech,yes
Alvina McNally,Mórrope,Female,Support,Indonesian,yes
Carmina Southwood,Riosucio,Female,Support,Malayalam,yes
Byrann Strond,Mariano Moreno,Male,Human Resources,Chinese,yes
Abra Laybourne,Dabancheng,Female,Engineering,Macedonian,yes
Dale Kinver,Goulmima,Female,Product Management,Kashmiri,yes
Anette Tolcher,Magsalangi,Female,Business Development,Arabic,yes
Meta Clutheram,Citeguh,Female,Sales,Malay,yes
Staffard Wylder,Lyon,Male,Sales,Icelandic,yes
Teirtza Simonite,Daga,Female,Research and Development,Gujarati,yes
Ethelred Gutsell,Bol’shoye Selo,Male,Sales,Tsonga,yes
Claudio Daybell,Taiping,Male,Training,Pashto,yes
Rozalie Nowakowski,Hecheng,Female,Business Development,Tajik,yes
Garrott Pearce,Dorp Antriol,Male,Product Management,Tsonga,yes
Sibilla Rosenzveig,Świnice Warckie,Female,Product Management,Moldovan,yes
Binnie Satterlee,Yijiang,Female,Services,Bosnian,yes
Luce Janusik,Íasmos,Male,Human Resources,Gujarati,yes
Cyndy Kirkhouse,Kozmice,Female,Support,Romanian,yes
Hamlen Bottlestone,Cristóbal,Male,Services,Romanian,yes
Cyrillus Sarfat,Jetis,Male,Legal,Georgian,yes
Bette-ann Presser,Herrán,Female,Engineering,Korean,yes
Steven Turbill,Dingjia,Male,Marketing,New Zealand Sign Language,yes
Caleb Charnley,Proletarsk,Male,Research and Development,Belarusian,yes
Ethelyn Drowsfield,Miaoxi,Female,Human Resources,Afrikaans,yes
Willey Batts,Libertad,Male,Training,French,yes
Lev Proby,Jiahe,Male,Business Development,Tok Pisin,yes
Chevy Bulteel,Bieliny,Male,Business Development,Azeri,yes
Franz Wurst,Sali,Male,Training,Bislama,yes
Paolo Abramovic,Bagadó,Male,Support,Swedish,yes
Erinn Spores,Yigo Village,Female,Engineering,Spanish,yes
Marian Dacca,Linköping,Female,Support,Amharic,yes
Redd Pauwel,Ad Dawādimī,Male,Product Management,Korean,yes
Brad Brigg,Stenungsund,Male,Accounting,Dhivehi,yes
Robena Andrea,Valle de Ángeles,Female,Human Resources,Māori,yes
Miner Casino,Yanhe,Male,Research and Development,Malayalam,yes
Pamela Stoakes,Kongsvinger,Female,Business Development,Greek,yes
Tamqrah Peacher,Liquica,Female,Engineering,Papiamento,yes
Mable Jozefiak,Zagórnik,Female,Support,Latvian,yes
Kerrie Rawling,Korosten’,Female,Product Management,Ndebele,yes
Petrina Gumm,Kedungbanteng Krajan,Female,Training,Filipino,yes
Lanni Littlechild,Santa Rita,Female,Support,New Zealand Sign Language,yes
Chrystel Matchett,Sonlit,Female,Sales,Luxembourgish,yes
Staci MacBey,Hongguang,Female,Marketing,Malay,yes
Garreth Norree,Mantang,Male,Engineering,Somali,yes
Jerrome Fellman,Brive-la-Gaillarde,Male,Support,Gujarati,yes
Lonna Ornelas,Palmito,Female,Training,Latvian,yes
Robby Scranny,Kuje,Male,Marketing,Gujarati,yes
Shandra Gotcliffe,Jalalaqsi,Female,Engineering,Latvian,yes
Dorris Henderson,Papeete,Female,Engineering,Swedish,yes
Michaelina Ogilvie,Salavan,Female,Training,Estonian,yes
Selie Lumbley,Yangzhuang,Female,Legal,Estonian,yes
Hazel Cartin,Archis,Female,Sales,Kazakh,yes
Gav Arguile,Mulifanua,Male,Sales,Haitian Creole,yes
Aldwin Youhill,Bai’e,Male,Sales,Gujarati,yes
Myron Purvis,Claremorris,Male,Accounting,Kyrgyz,yes
Almeria Smithe,Kawerau,Female,Support,Arabic,yes
Grenville Bourchier,Diancun,Male,Training,Assamese,yes
Francklin Bedbrough,Ağdaş,Male,Engineering,Dutch,yes
Clarine Vowdon,Heiiyugou,Female,Product Management,Kyrgyz,yes
Zia Haswall,Cacoal,Female,Engineering,Lao,yes
Eldon Capoun,Dashahe,Male,Business Development,Finnish,yes
Norean Foskin,Saint Catherine,Female,Training,Swati,yes
Fanni Mish,Bandar-e ‘Asalūyeh,Female,Business Development,Mongolian,yes
Laurena Hoggan,Seiça,Female,Business Development,Pashto,yes
Betteann Burtwell,Houyu,Female,Business Development,Haitian Creole,yes
Chiquita Ryles,Farsta,Female,Research and Development,Armenian,yes
Saraann Tilt,Aragarças,Female,Legal,Filipino,yes
Elliott Ashment,Cihaur,Male,Accounting,Hungarian,yes
Kermit Ebbrell,Byuravan,Male,Sales,Korean,yes
Edvard Garn,Vilufushi,Male,Sales,Croatian,yes
Zane Cuncarr,San Simón,Male,Services,Bengali,yes
Davon Niles,Bayanbaraat,Male,Accounting,Tajik,yes
Englebert McNab,Diekirch,Male,Engineering,Kashmiri,yes
Amalie Tremblot,Kaga Bandoro,Female,Services,Icelandic,yes
Bibby Labb,Magan,Female,Marketing,Zulu,yes
Wheeler Roch,Ulety,Male,Product Management,Hindi,yes
Manolo Schulze,Quimper,Male,Services,Bulgarian,yes
Jacobo L'argent,Kabongan Kidul,Male,Support,French,yes
Venus Wiggett,Huntsville,Female,Product Management,Catalan,yes
Maressa Slaughter,Tầm Vu,Female,Sales,Mongolian,yes
Chan Frantz,Mukacheve,Male,Business Development,Latvian,yes
Nolan Earpe,Ocho Rios,Male,Training,Māori,yes
Stinky Hingeley,Qaţanah,Male,Accounting,Marathi,yes
Wandie McClay,Vallenar,Female,Product Management,Hiri Motu,yes
Hermina Emons,Moita,Female,Business Development,Luxembourgish,yes
Winny Fairbairn,Kanye,Male,Services,Bengali,yes
Gawen Pendrid,Sancha,Male,Training,Azeri,yes
Griff Hooban,Thị Trấn Việt Quang,Male,Services,Arabic,yes
Marjie Ladon,Guihuaquan,Female,Services,Spanish,yes
Aeriel Spraberry,Paihia,Female,Research and Development,Chinese,yes
Jeramey Arent,Żyrardów,Male,Sales,Haitian Creole,yes
Bobbette Winscomb,Donghai,Female,Business Development,Telugu,yes
Tove Labrenz,Valerik,Female,Marketing,Albanian,yes
Adela Lithgow,San José de Feliciano,Female,Support,West Frisian,yes
Garey Hawket,Kyzyl-Kyya,Male,Marketing,Italian,yes
Kath Brittles,Ketapang,Female,Engineering,Thai,yes
Wileen Tschirasche,Guanting,Female,Business Development,Greek,yes
Markus Bower,Kanganpur,Male,Engineering,Bengali,yes
Gilbert Oddboy,Munkedal,Male,Product Management,Malayalam,yes
Tiffanie Keaves,Monte-Carlo,Female,Engineering,Hindi,yes
Maisey Brunger,Cacequi,Female,Services,Irish Gaelic,yes
Sayre Gilleson,Novomichurinsk,Male,Business Development,Somali,yes
Cary Cleyne,Dalsjöfors,Male,Business Development,Georgian,yes
Nicoline Vanyushin,Ramotswa,Female,Product Management,Arabic,yes
Skipp Braam,Thoeng,Male,Support,Bulgarian,yes
Dennis Heiner,Fujikawaguchiko,Male,Training,Montenegrin,yes
Morley March,Villa Verde,Male,Training,Swedish,yes
Ingelbert Millins,Tatarbunary,Male,Business Development,Romanian,yes
Lizabeth Whithalgh,Sośnie,Female,Research and Development,Tswana,yes
Marge Dunford,Urek-urek,Female,Accounting,Lao,yes
Harold Leyden,Na Chueak,Male,Marketing,Swati,yes
Josy Bowdery,La Palma,Female,Research and Development,Kurdish,yes
Alla Moulster,Mlanggeng,Female,Legal,Czech,yes
Delila Filliskirk,Siluman,Female,Human Resources,Persian,yes
Winna Dallander,Perosinho,Female,Sales,Arabic,yes
Laird Thoma,Longtou’an,Male,Product Management,Luxembourgish,yes
Nichol Busse,Liucun,Female,Human Resources,Hebrew,yes
Shane McFie,Karlskrona,Female,Legal,Kazakh,yes
Wilhelmina Vasile,Áno Kopanákion,Female,Support,Marathi,yes
Port Franek,Zhaojia,Male,Sales,Indonesian,yes
Katharine Wrighton,Manamrag,Female,Support,Czech,yes
Marilin Hardie,Kekeran,Female,Legal,Irish Gaelic,yes
Balduin Rushmer,Tumbes,Male,Marketing,Czech,yes
Estelle Birchill,Kimry,Female,Training,Chinese,yes
Colette De Brett,Umag,Female,Services,Luxembourgish,yes
Dorelia Lefridge,Colorado Springs,Female,Product Management,Luxembourgish,yes
Herman Fero,Zhongxing,Male,Business Development,Ndebele,yes
Elfrida Faucherand,Palayan City,Female,Marketing,Amharic,yes
Sisely Tees,Rrapë,Female,Support,Tswana,yes
Freida Walak,Ijuw,Female,Research and Development,Amharic,yes
Ewan Broek,Lolodorf,Male,Sales,Sotho,yes
Brade Wodham,Malaga,Male,Support,Oriya,yes
Peyton Medcalf,Sieniawa Żarska,Male,Services,Azeri,yes
Bessy Sprakes,Bajiao,Female,Engineering,Irish Gaelic,yes
Mose McCaskill,Pa Phayom,Male,Product Management,Swahili,yes
Renae Mielnik,Chrást,Female,Support,Swati,yes
Bruno Doyland,Bentar,Male,Legal,Dzongkha,yes
Ertha Lumsdale,Xiaozhang,Female,Engineering,Quechua,yes
Morganne Turpin,Sawahbaru,Female,Services,Latvian,yes
Orlando Davidde,Bagrāmī,Male,Services,Māori,yes
Corissa Faustian,Yangwei,Female,Marketing,Lao,yes
Merci Harme,Kakata,Female,Sales,English,yes
Dill Grishkov,Wulin,Male,Legal,Italian,yes
Julee Benfield,Gandra,Female,Human Resources,Macedonian,yes
Ralf Brute,Paris 16,Male,Engineering,Lithuanian,yes
Mildred Croall,Kharkhorin,Female,Legal,Assamese,yes
Cassaundra Stalman,Tanahmerah,Female,Training,Finnish,yes
Lorinda Haslock,Oganlima,Female,Research and Development,Dutch,yes
Roland Jiroudek,Mirandopólis,Male,Services,Indonesian,yes
Shaylyn Harland,Iraquara,Female,Human Resources,Bosnian,yes
Susi Chesshire,Sakharovo,Female,Research and Development,Guaraní,yes
Bette-ann Hanshaw,Novomyshastovskaya,Female,Business Development,Maltese,yes
Mal Traut,Mojorejo,Male,Accounting,Bengali,yes
Concettina Woollons,Xinjie,Female,Human Resources,Dutch,yes
Jaimie Mitchel,Dabachang,Male,Support,Hiri Motu,yes
Tine Winfred,Otlja,Female,Sales,Polish,yes
Jamaal Fishly,Lypnyazhka,Male,Research and Development,Tamil,yes
Fidel Jeckells,Pato Branco,Male,Support,Polish,yes
Lavina Dulton,Kafarati,Female,Services,Greek,yes
Aksel Brodway,Machala,Male,Research and Development,German,yes
Creighton Minelli,Carepa,Male,Business Development,Arabic,yes
Cinda Geillier,Saint Ann’s Bay,Female,Accounting,Montenegrin,yes
Yolane Gorvette,Ludvika,Female,Legal,Malay,yes
Alfonse McGaughie,Cimo de Vila,Male,Business Development,Portuguese,yes
Ajay Lockhurst,Sortavala,Female,Product Management,Albanian,yes
Ferrell Knappitt,Ciakar,Male,Business Development,Khmer,yes
Sheppard Cuffe,Nanzhao Chengguanzhen,Male,Marketing,Fijian,yes
Willabella Lally,Kenzhe,Female,Engineering,Macedonian,yes
Courtney Stamp,Manggu,Male,Sales,Luxembourgish,yes
Malissia Raleston,Abbotsford,Female,Marketing,Belarusian,yes
Karla Thickett,Maojiagang,Female,Business Development,Ndebele,yes
Thomasine Calam,Ḩabābah,Female,Marketing,Bengali,yes
Herculie Sendall,Tianjin,Male,Research and Development,Sotho,yes
Timmie Colbourne,Wangi,Male,Business Development,English,yes
Erick Jehaes,Dohār,Male,Engineering,West Frisian,yes
Lynette Harcombe,Maroa,Female,Training,Assamese,yes
Alon Basek,Dongfu,Male,Services,Telugu,yes
Ebba Zannotelli,Strezhevoy,Female,Services,Hebrew,yes
Matthieu Anshell,München,Male,Services,Somali,yes
Sibel aManger,Futian,Female,Sales,Tetum,yes
Pietra Setterfield,Kaliro,Female,Product Management,Zulu,yes
Astra Haselup,Isyangulovo,Female,Sales,Quechua,yes
Laureen Jurkiewicz,Saint-Jean-de-Védas,Female,Product Management,Portuguese,yes
Muhammad Lethardy,Harstad,Male,Human Resources,Dutch,yes
Audy Worboy,Reno,Female,Business Development,Kannada,yes
Valle Tennock,Sanxi,Male,Services,German,yes
Cristionna Moehle,Palmitas,Female,Product Management,Swati,yes
Vitoria Geldard,Dagua,Female,Product Management,Polish,yes
Clifford Bruneau,Dyurtyuli,Male,Marketing,Finnish,yes
Clovis Olrenshaw,Yambol,Female,Support,Armenian,yes
Angel Chanter,Finote Selam,Male,Legal,Assamese,yes
Aldric Haldenby,Asahi,Male,Accounting,French,yes
Vonni Cadore,Jiumen,Female,Sales,Italian,yes
Herold Church,Hai’an,Male,Research and Development,French,yes
Nial Ironmonger,Angan,Male,Services,Persian,yes
Hale Haucke,Mafa,Male,Research and Development,Guaraní,yes
Korey O'Fielly,Palmira,Male,Training,German,yes
Katharine Bullivent,Kalmar,Female,Product Management,Tetum,yes
Bobbi Horry,Ipoh,Female,Engineering,Bengali,yes
Kinsley Mosen,Havana,Male,Services,Papiamento,yes
Wiatt MacGinney,Olhos de Água,Male,Product Management,Romanian,yes
